-- handy_v2 초기 데이터 덤프
-- 사용법: psql -U <user> -d handy_v2 -f init_data.sql

-- members
INSERT INTO members (id, password, phone, name, birth, gender, image_url, is_deleted) VALUES (2, '$2b$12$quyaERlWQvthJJgmtNblqe0WkxdY..pTIx.Pa7uPyljLn15WA28oO', '01022222222', '김다힌', '1990-04-20', 'male', 'default.png', FALSE) ON CONFLICT DO NOTHING;
INSERT INTO members (id, password, phone, name, birth, gender, image_url, is_deleted) VALUES (7, '$2b$12$quyaERlWQvthJJgmtNblqe0WkxdY..pTIx.Pa7uPyljLn15WA28oO', '01077777777', '한지수', '1999-03-15', 'female', 'default.png', FALSE) ON CONFLICT DO NOTHING;
INSERT INTO members (id, password, phone, name, birth, gender, image_url, is_deleted) VALUES (8, '$2b$12$quyaERlWQvthJJgmtNblqe0WkxdY..pTIx.Pa7uPyljLn15WA28oO', '01088888888', '김태훈', '1985-07-22', 'male', 'default.png', FALSE) ON CONFLICT DO NOTHING;
INSERT INTO members (id, password, phone, name, birth, gender, image_url, is_deleted) VALUES (9, '$2b$12$quyaERlWQvthJJgmtNblqe0WkxdY..pTIx.Pa7uPyljLn15WA28oO', '01099999999', '김민형', '2001-11-08', 'male', 'default.png', FALSE) ON CONFLICT DO NOTHING;
INSERT INTO members (id, password, phone, name, birth, gender, image_url, is_deleted) VALUES (10, '$2b$12$quyaERlWQvthJJgmtNblqe0WkxdY..pTIx.Pa7uPyljLn15WA28oO', '01000000001', '김재욱', '2000-05-30', 'male', 'default.png', FALSE) ON CONFLICT DO NOTHING;
INSERT INTO members (id, password, phone, name, birth, gender, image_url, is_deleted) VALUES (1, '$2b$12$quyaERlWQvthJJgmtNblqe0WkxdY..pTIx.Pa7uPyljLn15WA28oO', '01011111111', '정수민', '2000-07-15', 'female', 'default.png', FALSE) ON CONFLICT DO NOTHING;
INSERT INTO members (id, password, phone, name, birth, gender, image_url, is_deleted) VALUES (3, '$2b$12$quyaERlWQvthJJgmtNblqe0WkxdY..pTIx.Pa7uPyljLn15WA28oO', '01033333333', '김정민', '1998-02-28', 'male', 'default.png', FALSE) ON CONFLICT DO NOTHING;
INSERT INTO members (id, password, phone, name, birth, gender, image_url, is_deleted) VALUES (4, '$2b$12$quyaERlWQvthJJgmtNblqe0WkxdY..pTIx.Pa7uPyljLn15WA28oO', '01044444444', '문자영', '2002-09-10', 'female', 'default.png', FALSE) ON CONFLICT DO NOTHING;
INSERT INTO members (id, password, phone, name, birth, gender, image_url, is_deleted) VALUES (5, '$2b$12$quyaERlWQvthJJgmtNblqe0WkxdY..pTIx.Pa7uPyljLn15WA28oO', '01055555555', '이수진', '1997-12-03', 'female', 'default.png', FALSE) ON CONFLICT DO NOTHING;
INSERT INTO members (id, password, phone, name, birth, gender, image_url, is_deleted) VALUES (6, '$2b$12$quyaERlWQvthJJgmtNblqe0WkxdY..pTIx.Pa7uPyljLn15WA28oO', '01066666666', '박지훈', '1995-06-17', 'male', 'default.png', FALSE) ON CONFLICT DO NOTHING;

-- 기존 DB에 이미 데이터가 있을 경우를 위한 UPDATE (birth/gender 누락분 보정)
UPDATE members SET birth = '2000-07-15', image_url = COALESCE(NULLIF(image_url, ''), 'default.png') WHERE id = 1 AND birth IS NULL;
UPDATE members SET birth = '1990-04-20', image_url = COALESCE(NULLIF(image_url, ''), 'default.png') WHERE id = 2 AND birth IS NULL;
UPDATE members SET birth = '1998-02-28', image_url = COALESCE(NULLIF(image_url, ''), 'default.png') WHERE id = 3 AND birth IS NULL;
UPDATE members SET birth = '2002-09-10', image_url = COALESCE(NULLIF(image_url, ''), 'default.png') WHERE id = 4 AND birth IS NULL;
UPDATE members SET birth = '1997-12-03', image_url = COALESCE(NULLIF(image_url, ''), 'default.png') WHERE id = 5 AND birth IS NULL;
UPDATE members SET birth = '1995-06-17', image_url = COALESCE(NULLIF(image_url, ''), 'default.png') WHERE id = 6 AND birth IS NULL;
UPDATE members SET gender = 'female', image_url = COALESCE(NULLIF(image_url, ''), 'default.png') WHERE id = 7 AND gender NOT IN ('male', 'female');
UPDATE members SET gender = 'male',   image_url = COALESCE(NULLIF(image_url, ''), 'default.png') WHERE id IN (8, 9, 10) AND gender NOT IN ('male', 'female');

-- stores (코드 6자리)
INSERT INTO stores (id, code, raw_digits, name, address, address_detail, industry, owner_name, phone, business_image, radius, created_at, is_deleted) VALUES (1, 123456, '1234567890', '노량물산', '서울특별시 동작구 노량진로 151', NULL, '카페', '김다힌', '027272112', 'default.png', 500, '2026-05-11', FALSE) ON CONFLICT DO NOTHING;
INSERT INTO stores (id, code, raw_digits, name, address, address_detail, industry, owner_name, phone, business_image, radius, created_at, is_deleted) VALUES (2, 234567, '2345678901', '노량전자', '서울특별시 동작구 노량진로 160', '2층', '판매/매장', '김다힌', '027272200', 'default.png', 500, '2026-05-12', FALSE) ON CONFLICT DO NOTHING;
INSERT INTO stores (id, code, raw_digits, name, address, address_detail, industry, owner_name, phone, business_image, radius, created_at, is_deleted) VALUES (3, 345678, '3456789012', '강서물산', '서울특별시 강서구 강서로 123', '1층', '서비스업', '김태훈', '027272300', 'default.png', 500, '2026-05-12', FALSE) ON CONFLICT DO NOTHING;
-- 기존 5자리 코드 → 6자리 업데이트
UPDATE stores SET code = 123456 WHERE id = 1 AND code = 12345;
UPDATE stores SET code = 234567 WHERE id = 2 AND code = 23456;
UPDATE stores SET code = 345678 WHERE id = 3 AND code = 34567;

-- store_maps
INSERT INTO store_maps (id, store_id, lat, lng) VALUES (1, 1, '37.5705490', '126.8442340') ON CONFLICT DO NOTHING;
INSERT INTO store_maps (id, store_id, lat, lng) VALUES (2, 2, '37.5705490', '126.8442340') ON CONFLICT DO NOTHING;
INSERT INTO store_maps (id, store_id, lat, lng) VALUES (3, 3, '37.5705490', '126.8442340') ON CONFLICT DO NOTHING;

-- store_settings
INSERT INTO store_settings (id, store_id, open_time, close_time, late_minutes, is_fixed_holiday, holiday_cycle, holiday_days, has_overtime_pay, overtime_after_daily_8h, overtime_after_weekly_40h, overtime_threshold_minutes, overtime_multiplier, has_night_pay, night_start, night_end, night_threshold_minutes, night_multiplier, has_holiday_pay, holiday_threshold_minutes, holiday_multiplier_under_8h, holiday_multiplier_over_8h) VALUES (1, 1, NULL, NULL, NULL, FALSE, NULL, NULL, FALSE, TRUE, TRUE, 30, '1.50', FALSE, NULL, NULL, 30, '1.50', FALSE, 30, '1.50', '2.00') ON CONFLICT DO NOTHING;
INSERT INTO store_settings (id, store_id, open_time, close_time, late_minutes, is_fixed_holiday, holiday_cycle, holiday_days, has_overtime_pay, overtime_after_daily_8h, overtime_after_weekly_40h, overtime_threshold_minutes, overtime_multiplier, has_night_pay, night_start, night_end, night_threshold_minutes, night_multiplier, has_holiday_pay, holiday_threshold_minutes, holiday_multiplier_under_8h, holiday_multiplier_over_8h) VALUES (2, 2, NULL, NULL, NULL, FALSE, NULL, NULL, TRUE, TRUE, TRUE, 30, '1.50', FALSE, NULL, NULL, 30, '1.50', FALSE, 30, '1.50', '2.00') ON CONFLICT DO NOTHING;
INSERT INTO store_settings (id, store_id, open_time, close_time, late_minutes, is_fixed_holiday, holiday_cycle, holiday_days, has_overtime_pay, overtime_after_daily_8h, overtime_after_weekly_40h, overtime_threshold_minutes, overtime_multiplier, has_night_pay, night_start, night_end, night_threshold_minutes, night_multiplier, has_holiday_pay, holiday_threshold_minutes, holiday_multiplier_under_8h, holiday_multiplier_over_8h) VALUES (3, 3, NULL, NULL, NULL, FALSE, NULL, NULL, FALSE, FALSE, FALSE, 30, '1.50', FALSE, NULL, NULL, 30, '1.50', FALSE, 30, '1.50', '2.00') ON CONFLICT DO NOTHING;

-- store_shifts
INSERT INTO store_shifts (id, store_id, sort_order, name, start_time, end_time, is_active) VALUES (1, 1, 1, '오픈', NULL, NULL, TRUE) ON CONFLICT DO NOTHING;
INSERT INTO store_shifts (id, store_id, sort_order, name, start_time, end_time, is_active) VALUES (2, 1, 2, '미들', NULL, NULL, TRUE) ON CONFLICT DO NOTHING;
INSERT INTO store_shifts (id, store_id, sort_order, name, start_time, end_time, is_active) VALUES (3, 1, 3, '마감', NULL, NULL, TRUE) ON CONFLICT DO NOTHING;
INSERT INTO store_shifts (id, store_id, sort_order, name, start_time, end_time, is_active) VALUES (4, 2, 1, '오픈', NULL, NULL, TRUE) ON CONFLICT DO NOTHING;
INSERT INTO store_shifts (id, store_id, sort_order, name, start_time, end_time, is_active) VALUES (5, 2, 2, '미들', NULL, NULL, TRUE) ON CONFLICT DO NOTHING;
INSERT INTO store_shifts (id, store_id, sort_order, name, start_time, end_time, is_active) VALUES (6, 2, 3, '마감', NULL, NULL, TRUE) ON CONFLICT DO NOTHING;
INSERT INTO store_shifts (id, store_id, sort_order, name, start_time, end_time, is_active) VALUES (7, 3, 1, '오픈', NULL, NULL, TRUE) ON CONFLICT DO NOTHING;
INSERT INTO store_shifts (id, store_id, sort_order, name, start_time, end_time, is_active) VALUES (8, 3, 2, '미들', NULL, NULL, TRUE) ON CONFLICT DO NOTHING;
INSERT INTO store_shifts (id, store_id, sort_order, name, start_time, end_time, is_active) VALUES (9, 3, 3, '마감', NULL, NULL, TRUE) ON CONFLICT DO NOTHING;

-- store_members (account_name 컬럼 포함)
INSERT INTO store_members (id, store_id, member_id, role, nickname, bank, account_name, account_number, image_url, joined_at, is_deleted) VALUES (1, 1, 1, 'employee', NULL, '국민', '정수민', '123456-78-901234', NULL, '2026-05-11 20:59:41.960771', FALSE) ON CONFLICT DO NOTHING;
INSERT INTO store_members (id, store_id, member_id, role, nickname, bank, account_name, account_number, image_url, joined_at, is_deleted) VALUES (2, 1, 2, 'owner', NULL, NULL, NULL, NULL, NULL, '2026-05-11 20:59:41.965554', FALSE) ON CONFLICT DO NOTHING;
INSERT INTO store_members (id, store_id, member_id, role, nickname, bank, account_name, account_number, image_url, joined_at, is_deleted) VALUES (3, 1, 3, 'employee', NULL, '신한', '김정민', '110-123-456789', NULL, '2026-05-11 22:11:54.278919', FALSE) ON CONFLICT DO NOTHING;
INSERT INTO store_members (id, store_id, member_id, role, nickname, bank, account_name, account_number, image_url, joined_at, is_deleted) VALUES (4, 1, 4, 'employee', NULL, '카카오', '문자영', '3333-01-1234567', NULL, '2026-05-11 22:11:54.436226', FALSE) ON CONFLICT DO NOTHING;
INSERT INTO store_members (id, store_id, member_id, role, nickname, bank, account_name, account_number, image_url, joined_at, is_deleted) VALUES (5, 1, 5, 'employee', NULL, '하나', '이수진', '123-456789-01234', NULL, '2026-05-11 22:11:54.592058', FALSE) ON CONFLICT DO NOTHING;
INSERT INTO store_members (id, store_id, member_id, role, nickname, bank, account_name, account_number, image_url, joined_at, is_deleted) VALUES (6, 1, 6, 'employee', NULL, '농협', '박지훈', '301-1234-5678-91', NULL, '2026-05-11 22:11:54.748266', FALSE) ON CONFLICT DO NOTHING;
INSERT INTO store_members (id, store_id, member_id, role, nickname, bank, account_name, account_number, image_url, joined_at, is_deleted) VALUES (7, 2, 2, 'owner', '김다힌', NULL, NULL, NULL, NULL, '2026-05-12 14:22:10.276776', FALSE) ON CONFLICT DO NOTHING;
INSERT INTO store_members (id, store_id, member_id, role, nickname, bank, account_name, account_number, image_url, joined_at, is_deleted) VALUES (8, 2, 1, 'employee', '정수민', '국민', '정수민', '123456-78-901234', NULL, '2026-05-12 14:22:10.276776', FALSE) ON CONFLICT DO NOTHING;
INSERT INTO store_members (id, store_id, member_id, role, nickname, bank, account_name, account_number, image_url, joined_at, is_deleted) VALUES (9, 2, 7, 'employee', '한지수', '토스', '한지수', '100-1234-5678', NULL, '2026-05-12 14:22:10.276776', FALSE) ON CONFLICT DO NOTHING;
INSERT INTO store_members (id, store_id, member_id, role, nickname, bank, account_name, account_number, image_url, joined_at, is_deleted) VALUES (10, 3, 8, 'owner', '김태훈', NULL, NULL, NULL, NULL, '2026-05-12 14:22:10.278057', FALSE) ON CONFLICT DO NOTHING;
INSERT INTO store_members (id, store_id, member_id, role, nickname, bank, account_name, account_number, image_url, joined_at, is_deleted) VALUES (11, 3, 9, 'employee', '김민형', '우리', '김민형', '1002-123-456789', NULL, '2026-05-12 14:22:10.278057', FALSE) ON CONFLICT DO NOTHING;
INSERT INTO store_members (id, store_id, member_id, role, nickname, bank, account_name, account_number, image_url, joined_at, is_deleted) VALUES (12, 3, 10, 'employee', '김재욱', '신한', '김재욱', '110-987-654321', NULL, '2026-05-12 14:22:10.278057', FALSE) ON CONFLICT DO NOTHING;
INSERT INTO store_members (id, store_id, member_id, role, nickname, bank, account_name, account_number, image_url, joined_at, is_deleted) VALUES (13, 3, 2, 'employee', '김다힌', '기업', '김다힌', '080-123456-01-012', NULL, '2026-05-12 14:22:10.278057', FALSE) ON CONFLICT DO NOTHING;

-- staff_contracts
INSERT INTO staff_contracts (id, store_member_id, employee_type, working_status, hourly_rate, salary_cycle, salary_day, is_probation, income_tax, local_income_tax, national_pension, health_insurance, long_term_care, employment_insurance, industrial_accident, memo, resume, employment_contract, health_certificate) VALUES (1, 1, '알바생', '재직', 10030, '월 1회 (월급)', '25일', FALSE, NULL, NULL, NULL, NULL, NULL, NULL, NULL, NULL, NULL, NULL, NULL) ON CONFLICT DO NOTHING;
INSERT INTO staff_contracts (id, store_member_id, employee_type, working_status, hourly_rate, salary_cycle, salary_day, is_probation, income_tax, local_income_tax, national_pension, health_insurance, long_term_care, employment_insurance, industrial_accident, memo, resume, employment_contract, health_certificate) VALUES (2, 3, '정규직', '재직', NULL, '월 1회 (월급)', '15일', FALSE, NULL, NULL, NULL, NULL, NULL, NULL, NULL, NULL, NULL, NULL, NULL) ON CONFLICT DO NOTHING;
INSERT INTO staff_contracts (id, store_member_id, employee_type, working_status, hourly_rate, salary_cycle, salary_day, is_probation, income_tax, local_income_tax, national_pension, health_insurance, long_term_care, employment_insurance, industrial_accident, memo, resume, employment_contract, health_certificate) VALUES (3, 4, '알바생', '재직', 11000, '월 1회 (월급)', '25일', FALSE, NULL, NULL, NULL, NULL, NULL, NULL, NULL, NULL, NULL, NULL, NULL) ON CONFLICT DO NOTHING;
INSERT INTO staff_contracts (id, store_member_id, employee_type, working_status, hourly_rate, salary_cycle, salary_day, is_probation, income_tax, local_income_tax, national_pension, health_insurance, long_term_care, employment_insurance, industrial_accident, memo, resume, employment_contract, health_certificate) VALUES (4, 5, '알바생', '재직', 9860, '월 2회', '1일, 15일', FALSE, NULL, NULL, NULL, NULL, NULL, NULL, NULL, NULL, NULL, NULL, NULL) ON CONFLICT DO NOTHING;
INSERT INTO staff_contracts (id, store_member_id, employee_type, working_status, hourly_rate, salary_cycle, salary_day, is_probation, income_tax, local_income_tax, national_pension, health_insurance, long_term_care, employment_insurance, industrial_accident, memo, resume, employment_contract, health_certificate) VALUES (5, 6, '정규직', '재직', NULL, '월 1회 (월급)', '10일', FALSE, NULL, NULL, NULL, NULL, NULL, NULL, NULL, NULL, NULL, NULL, NULL) ON CONFLICT DO NOTHING;
INSERT INTO staff_contracts (id, store_member_id, employee_type, working_status, hourly_rate, salary_cycle, salary_day, is_probation, income_tax, local_income_tax, national_pension, health_insurance, long_term_care, employment_insurance, industrial_accident, memo, resume, employment_contract, health_certificate) VALUES (6, 8, '알바생', '재직', 10030, '월 1회 (월급)', '25일', FALSE, NULL, NULL, NULL, NULL, NULL, NULL, NULL, NULL, NULL, NULL, NULL) ON CONFLICT DO NOTHING;
INSERT INTO staff_contracts (id, store_member_id, employee_type, working_status, hourly_rate, salary_cycle, salary_day, is_probation, income_tax, local_income_tax, national_pension, health_insurance, long_term_care, employment_insurance, industrial_accident, memo, resume, employment_contract, health_certificate) VALUES (7, 9, '알바생', '재직', 10500, '월 1회 (월급)', '25일', FALSE, NULL, NULL, NULL, NULL, NULL, NULL, NULL, NULL, NULL, NULL, NULL) ON CONFLICT DO NOTHING;
INSERT INTO staff_contracts (id, store_member_id, employee_type, working_status, hourly_rate, salary_cycle, salary_day, is_probation, income_tax, local_income_tax, national_pension, health_insurance, long_term_care, employment_insurance, industrial_accident, memo, resume, employment_contract, health_certificate) VALUES (8, 11, '알바생', '재직', 10500, '월 1회 (월급)', '25일', FALSE, NULL, NULL, NULL, NULL, NULL, NULL, NULL, NULL, NULL, NULL, NULL) ON CONFLICT DO NOTHING;
INSERT INTO staff_contracts (id, store_member_id, employee_type, working_status, hourly_rate, salary_cycle, salary_day, is_probation, income_tax, local_income_tax, national_pension, health_insurance, long_term_care, employment_insurance, industrial_accident, memo, resume, employment_contract, health_certificate) VALUES (9, 12, '알바생', '재직', 9900, '월 1회 (월급)', '25일', FALSE, NULL, NULL, NULL, NULL, NULL, NULL, NULL, NULL, NULL, NULL, NULL) ON CONFLICT DO NOTHING;
INSERT INTO staff_contracts (id, store_member_id, employee_type, working_status, hourly_rate, salary_cycle, salary_day, is_probation, income_tax, local_income_tax, national_pension, health_insurance, long_term_care, employment_insurance, industrial_accident, memo, resume, employment_contract, health_certificate) VALUES (10, 13, '알바생', '재직', 15000, '월 1회 (월급)', '25일', FALSE, NULL, NULL, NULL, NULL, NULL, NULL, NULL, NULL, NULL, NULL, NULL) ON CONFLICT DO NOTHING;

-- schedules
INSERT INTO schedules (id, store_id, employee_id, shift_id, work_date, work_start, work_end, is_holiday, is_substitution) VALUES (1, 1, 1, 1, '2026-05-07', '08:00:00', '14:00:00', FALSE, FALSE) ON CONFLICT DO NOTHING;
INSERT INTO schedules (id, store_id, employee_id, shift_id, work_date, work_start, work_end, is_holiday, is_substitution) VALUES (2, 1, 3, 2, '2026-05-07', '12:00:00', '17:00:00', FALSE, FALSE) ON CONFLICT DO NOTHING;
INSERT INTO schedules (id, store_id, employee_id, shift_id, work_date, work_start, work_end, is_holiday, is_substitution) VALUES (3, 1, 4, 3, '2026-05-07', '17:00:00', '22:00:00', FALSE, FALSE) ON CONFLICT DO NOTHING;
INSERT INTO schedules (id, store_id, employee_id, shift_id, work_date, work_start, work_end, is_holiday, is_substitution) VALUES (4, 1, 5, 1, '2026-05-07', '08:00:00', '14:00:00', FALSE, FALSE) ON CONFLICT DO NOTHING;
INSERT INTO schedules (id, store_id, employee_id, shift_id, work_date, work_start, work_end, is_holiday, is_substitution) VALUES (5, 1, 6, 3, '2026-05-07', '17:00:00', '22:00:00', FALSE, FALSE) ON CONFLICT DO NOTHING;
INSERT INTO schedules (id, store_id, employee_id, shift_id, work_date, work_start, work_end, is_holiday, is_substitution) VALUES (6, 1, 3, 1, '2026-05-08', '08:00:00', '14:00:00', FALSE, FALSE) ON CONFLICT DO NOTHING;
INSERT INTO schedules (id, store_id, employee_id, shift_id, work_date, work_start, work_end, is_holiday, is_substitution) VALUES (7, 1, 4, 1, '2026-05-08', '08:00:00', '14:00:00', FALSE, FALSE) ON CONFLICT DO NOTHING;
INSERT INTO schedules (id, store_id, employee_id, shift_id, work_date, work_start, work_end, is_holiday, is_substitution) VALUES (8, 1, 5, 2, '2026-05-08', '12:00:00', '17:00:00', FALSE, FALSE) ON CONFLICT DO NOTHING;
INSERT INTO schedules (id, store_id, employee_id, shift_id, work_date, work_start, work_end, is_holiday, is_substitution) VALUES (9, 1, 6, 2, '2026-05-08', '12:00:00', '17:00:00', FALSE, FALSE) ON CONFLICT DO NOTHING;
INSERT INTO schedules (id, store_id, employee_id, shift_id, work_date, work_start, work_end, is_holiday, is_substitution) VALUES (10, 1, 1, 2, '2026-05-09', '12:00:00', '17:00:00', FALSE, FALSE) ON CONFLICT DO NOTHING;
INSERT INTO schedules (id, store_id, employee_id, shift_id, work_date, work_start, work_end, is_holiday, is_substitution) VALUES (11, 1, 3, 3, '2026-05-09', '17:00:00', '22:00:00', FALSE, FALSE) ON CONFLICT DO NOTHING;
INSERT INTO schedules (id, store_id, employee_id, shift_id, work_date, work_start, work_end, is_holiday, is_substitution) VALUES (12, 1, 4, 2, '2026-05-09', '12:00:00', '17:00:00', FALSE, FALSE) ON CONFLICT DO NOTHING;
INSERT INTO schedules (id, store_id, employee_id, shift_id, work_date, work_start, work_end, is_holiday, is_substitution) VALUES (13, 1, 6, 1, '2026-05-09', '08:00:00', '14:00:00', FALSE, FALSE) ON CONFLICT DO NOTHING;
INSERT INTO schedules (id, store_id, employee_id, shift_id, work_date, work_start, work_end, is_holiday, is_substitution) VALUES (14, 1, 1, 1, '2026-05-10', '08:00:00', '14:00:00', FALSE, FALSE) ON CONFLICT DO NOTHING;
INSERT INTO schedules (id, store_id, employee_id, shift_id, work_date, work_start, work_end, is_holiday, is_substitution) VALUES (15, 1, 3, 2, '2026-05-10', '12:00:00', '17:00:00', FALSE, FALSE) ON CONFLICT DO NOTHING;
INSERT INTO schedules (id, store_id, employee_id, shift_id, work_date, work_start, work_end, is_holiday, is_substitution) VALUES (16, 1, 4, 3, '2026-05-10', '17:00:00', '22:00:00', FALSE, FALSE) ON CONFLICT DO NOTHING;
INSERT INTO schedules (id, store_id, employee_id, shift_id, work_date, work_start, work_end, is_holiday, is_substitution) VALUES (17, 1, 5, 1, '2026-05-10', '08:00:00', '14:00:00', FALSE, FALSE) ON CONFLICT DO NOTHING;
INSERT INTO schedules (id, store_id, employee_id, shift_id, work_date, work_start, work_end, is_holiday, is_substitution) VALUES (18, 1, 6, 3, '2026-05-10', '17:00:00', '22:00:00', FALSE, FALSE) ON CONFLICT DO NOTHING;
INSERT INTO schedules (id, store_id, employee_id, shift_id, work_date, work_start, work_end, is_holiday, is_substitution) VALUES (19, 1, 4, 1, '2026-05-11', '08:00:00', '14:00:00', FALSE, FALSE) ON CONFLICT DO NOTHING;
INSERT INTO schedules (id, store_id, employee_id, shift_id, work_date, work_start, work_end, is_holiday, is_substitution) VALUES (20, 1, 5, 3, '2026-05-11', '17:00:00', '22:00:00', FALSE, FALSE) ON CONFLICT DO NOTHING;
INSERT INTO schedules (id, store_id, employee_id, shift_id, work_date, work_start, work_end, is_holiday, is_substitution) VALUES (21, 1, 6, 2, '2026-05-11', '12:00:00', '17:00:00', FALSE, FALSE) ON CONFLICT DO NOTHING;
INSERT INTO schedules (id, store_id, employee_id, shift_id, work_date, work_start, work_end, is_holiday, is_substitution) VALUES (22, 1, 1, 3, '2026-05-12', '17:00:00', '22:00:00', FALSE, FALSE) ON CONFLICT DO NOTHING;
INSERT INTO schedules (id, store_id, employee_id, shift_id, work_date, work_start, work_end, is_holiday, is_substitution) VALUES (23, 1, 3, 1, '2026-05-12', '08:00:00', '14:00:00', FALSE, FALSE) ON CONFLICT DO NOTHING;
INSERT INTO schedules (id, store_id, employee_id, shift_id, work_date, work_start, work_end, is_holiday, is_substitution) VALUES (24, 1, 4, 2, '2026-05-12', '12:00:00', '17:00:00', FALSE, FALSE) ON CONFLICT DO NOTHING;
INSERT INTO schedules (id, store_id, employee_id, shift_id, work_date, work_start, work_end, is_holiday, is_substitution) VALUES (25, 1, 6, 2, '2026-05-12', '12:00:00', '17:00:00', FALSE, FALSE) ON CONFLICT DO NOTHING;
INSERT INTO schedules (id, store_id, employee_id, shift_id, work_date, work_start, work_end, is_holiday, is_substitution) VALUES (26, 1, 3, 3, '2026-05-13', '17:00:00', '22:00:00', FALSE, FALSE) ON CONFLICT DO NOTHING;
INSERT INTO schedules (id, store_id, employee_id, shift_id, work_date, work_start, work_end, is_holiday, is_substitution) VALUES (27, 1, 5, 1, '2026-05-13', '08:00:00', '14:00:00', FALSE, FALSE) ON CONFLICT DO NOTHING;
INSERT INTO schedules (id, store_id, employee_id, shift_id, work_date, work_start, work_end, is_holiday, is_substitution) VALUES (28, 1, 6, 1, '2026-05-13', '08:00:00', '14:00:00', FALSE, FALSE) ON CONFLICT DO NOTHING;
INSERT INTO schedules (id, store_id, employee_id, shift_id, work_date, work_start, work_end, is_holiday, is_substitution) VALUES (29, 1, 1, 1, '2026-05-14', '08:00:00', '14:00:00', FALSE, FALSE) ON CONFLICT DO NOTHING;
INSERT INTO schedules (id, store_id, employee_id, shift_id, work_date, work_start, work_end, is_holiday, is_substitution) VALUES (30, 1, 3, 2, '2026-05-14', '12:00:00', '17:00:00', FALSE, FALSE) ON CONFLICT DO NOTHING;
INSERT INTO schedules (id, store_id, employee_id, shift_id, work_date, work_start, work_end, is_holiday, is_substitution) VALUES (31, 1, 4, 3, '2026-05-14', '17:00:00', '22:00:00', FALSE, FALSE) ON CONFLICT DO NOTHING;
INSERT INTO schedules (id, store_id, employee_id, shift_id, work_date, work_start, work_end, is_holiday, is_substitution) VALUES (32, 1, 5, 2, '2026-05-14', '12:00:00', '17:00:00', FALSE, FALSE) ON CONFLICT DO NOTHING;
INSERT INTO schedules (id, store_id, employee_id, shift_id, work_date, work_start, work_end, is_holiday, is_substitution) VALUES (33, 2, 8, 4, '2026-05-07', '08:00:00', '14:00:00', FALSE, FALSE) ON CONFLICT DO NOTHING;
INSERT INTO schedules (id, store_id, employee_id, shift_id, work_date, work_start, work_end, is_holiday, is_substitution) VALUES (34, 2, 9, 6, '2026-05-07', '17:00:00', '22:00:00', FALSE, FALSE) ON CONFLICT DO NOTHING;
INSERT INTO schedules (id, store_id, employee_id, shift_id, work_date, work_start, work_end, is_holiday, is_substitution) VALUES (35, 2, 9, 4, '2026-05-08', '08:00:00', '14:00:00', FALSE, FALSE) ON CONFLICT DO NOTHING;
INSERT INTO schedules (id, store_id, employee_id, shift_id, work_date, work_start, work_end, is_holiday, is_substitution) VALUES (36, 2, 8, 5, '2026-05-09', '12:00:00', '17:00:00', FALSE, FALSE) ON CONFLICT DO NOTHING;
INSERT INTO schedules (id, store_id, employee_id, shift_id, work_date, work_start, work_end, is_holiday, is_substitution) VALUES (37, 2, 9, 6, '2026-05-09', '17:00:00', '22:00:00', FALSE, FALSE) ON CONFLICT DO NOTHING;
INSERT INTO schedules (id, store_id, employee_id, shift_id, work_date, work_start, work_end, is_holiday, is_substitution) VALUES (38, 2, 8, 4, '2026-05-10', '08:00:00', '14:00:00', FALSE, FALSE) ON CONFLICT DO NOTHING;
INSERT INTO schedules (id, store_id, employee_id, shift_id, work_date, work_start, work_end, is_holiday, is_substitution) VALUES (39, 2, 9, 5, '2026-05-10', '12:00:00', '17:00:00', FALSE, FALSE) ON CONFLICT DO NOTHING;
INSERT INTO schedules (id, store_id, employee_id, shift_id, work_date, work_start, work_end, is_holiday, is_substitution) VALUES (40, 2, 9, 4, '2026-05-11', '08:00:00', '14:00:00', FALSE, FALSE) ON CONFLICT DO NOTHING;
INSERT INTO schedules (id, store_id, employee_id, shift_id, work_date, work_start, work_end, is_holiday, is_substitution) VALUES (41, 2, 8, 6, '2026-05-12', '17:00:00', '22:00:00', FALSE, FALSE) ON CONFLICT DO NOTHING;
INSERT INTO schedules (id, store_id, employee_id, shift_id, work_date, work_start, work_end, is_holiday, is_substitution) VALUES (42, 2, 9, 5, '2026-05-12', '12:00:00', '17:00:00', FALSE, FALSE) ON CONFLICT DO NOTHING;
INSERT INTO schedules (id, store_id, employee_id, shift_id, work_date, work_start, work_end, is_holiday, is_substitution) VALUES (43, 2, 8, 4, '2026-05-13', '08:00:00', '14:00:00', FALSE, FALSE) ON CONFLICT DO NOTHING;
INSERT INTO schedules (id, store_id, employee_id, shift_id, work_date, work_start, work_end, is_holiday, is_substitution) VALUES (44, 2, 9, 6, '2026-05-13', '17:00:00', '22:00:00', FALSE, FALSE) ON CONFLICT DO NOTHING;
INSERT INTO schedules (id, store_id, employee_id, shift_id, work_date, work_start, work_end, is_holiday, is_substitution) VALUES (45, 3, 11, 7, '2026-05-07', '08:00:00', '14:00:00', FALSE, FALSE) ON CONFLICT DO NOTHING;
INSERT INTO schedules (id, store_id, employee_id, shift_id, work_date, work_start, work_end, is_holiday, is_substitution) VALUES (46, 3, 12, 8, '2026-05-07', '12:00:00', '17:00:00', FALSE, FALSE) ON CONFLICT DO NOTHING;
INSERT INTO schedules (id, store_id, employee_id, shift_id, work_date, work_start, work_end, is_holiday, is_substitution) VALUES (47, 3, 13, 9, '2026-05-07', '17:00:00', '22:00:00', FALSE, FALSE) ON CONFLICT DO NOTHING;
INSERT INTO schedules (id, store_id, employee_id, shift_id, work_date, work_start, work_end, is_holiday, is_substitution) VALUES (48, 3, 11, 8, '2026-05-08', '12:00:00', '17:00:00', FALSE, FALSE) ON CONFLICT DO NOTHING;
INSERT INTO schedules (id, store_id, employee_id, shift_id, work_date, work_start, work_end, is_holiday, is_substitution) VALUES (49, 3, 12, 9, '2026-05-08', '17:00:00', '22:00:00', FALSE, FALSE) ON CONFLICT DO NOTHING;
INSERT INTO schedules (id, store_id, employee_id, shift_id, work_date, work_start, work_end, is_holiday, is_substitution) VALUES (50, 3, 11, 7, '2026-05-09', '08:00:00', '14:00:00', FALSE, FALSE) ON CONFLICT DO NOTHING;
INSERT INTO schedules (id, store_id, employee_id, shift_id, work_date, work_start, work_end, is_holiday, is_substitution) VALUES (51, 3, 13, 8, '2026-05-09', '12:00:00', '17:00:00', FALSE, FALSE) ON CONFLICT DO NOTHING;
INSERT INTO schedules (id, store_id, employee_id, shift_id, work_date, work_start, work_end, is_holiday, is_substitution) VALUES (52, 3, 11, 9, '2026-05-10', '17:00:00', '22:00:00', FALSE, FALSE) ON CONFLICT DO NOTHING;
INSERT INTO schedules (id, store_id, employee_id, shift_id, work_date, work_start, work_end, is_holiday, is_substitution) VALUES (53, 3, 12, 7, '2026-05-10', '08:00:00', '14:00:00', FALSE, FALSE) ON CONFLICT DO NOTHING;
INSERT INTO schedules (id, store_id, employee_id, shift_id, work_date, work_start, work_end, is_holiday, is_substitution) VALUES (54, 3, 13, 7, '2026-05-10', '08:00:00', '14:00:00', FALSE, FALSE) ON CONFLICT DO NOTHING;
INSERT INTO schedules (id, store_id, employee_id, shift_id, work_date, work_start, work_end, is_holiday, is_substitution) VALUES (55, 3, 12, 9, '2026-05-11', '17:00:00', '22:00:00', FALSE, FALSE) ON CONFLICT DO NOTHING;
INSERT INTO schedules (id, store_id, employee_id, shift_id, work_date, work_start, work_end, is_holiday, is_substitution) VALUES (56, 3, 13, 8, '2026-05-11', '12:00:00', '17:00:00', FALSE, FALSE) ON CONFLICT DO NOTHING;
INSERT INTO schedules (id, store_id, employee_id, shift_id, work_date, work_start, work_end, is_holiday, is_substitution) VALUES (57, 3, 11, 7, '2026-05-12', '08:00:00', '14:00:00', FALSE, FALSE) ON CONFLICT DO NOTHING;
INSERT INTO schedules (id, store_id, employee_id, shift_id, work_date, work_start, work_end, is_holiday, is_substitution) VALUES (58, 3, 12, 8, '2026-05-12', '12:00:00', '17:00:00', FALSE, FALSE) ON CONFLICT DO NOTHING;
INSERT INTO schedules (id, store_id, employee_id, shift_id, work_date, work_start, work_end, is_holiday, is_substitution) VALUES (59, 3, 13, 9, '2026-05-12', '17:00:00', '22:00:00', FALSE, FALSE) ON CONFLICT DO NOTHING;
INSERT INTO schedules (id, store_id, employee_id, shift_id, work_date, work_start, work_end, is_holiday, is_substitution) VALUES (60, 3, 11, 9, '2026-05-13', '17:00:00', '22:00:00', FALSE, FALSE) ON CONFLICT DO NOTHING;
INSERT INTO schedules (id, store_id, employee_id, shift_id, work_date, work_start, work_end, is_holiday, is_substitution) VALUES (61, 3, 12, 7, '2026-05-13', '08:00:00', '14:00:00', FALSE, FALSE) ON CONFLICT DO NOTHING;

-- work_logs
INSERT INTO work_logs (id, store_id, employee_id, work_date, start_time, end_time, break_start_time, break_end_time, status) VALUES (1, 1, 1, '2026-05-07', '2026-05-07 08:00:00+09:00', '2026-05-07 14:00:00+09:00', '2026-05-07 10:00:00+09:00', '2026-05-07 10:30:00+09:00', 'off_work') ON CONFLICT DO NOTHING;
INSERT INTO work_logs (id, store_id, employee_id, work_date, start_time, end_time, break_start_time, break_end_time, status) VALUES (2, 1, 3, '2026-05-07', '2026-05-07 12:00:00+09:00', '2026-05-07 17:00:00+09:00', '2026-05-07 14:00:00+09:00', '2026-05-07 14:30:00+09:00', 'off_work') ON CONFLICT DO NOTHING;
INSERT INTO work_logs (id, store_id, employee_id, work_date, start_time, end_time, break_start_time, break_end_time, status) VALUES (3, 1, 4, '2026-05-07', '2026-05-07 17:00:00+09:00', '2026-05-07 22:00:00+09:00', '2026-05-07 19:00:00+09:00', '2026-05-07 19:30:00+09:00', 'off_work') ON CONFLICT DO NOTHING;
INSERT INTO work_logs (id, store_id, employee_id, work_date, start_time, end_time, break_start_time, break_end_time, status) VALUES (4, 1, 5, '2026-05-07', '2026-05-07 08:00:00+09:00', '2026-05-07 14:00:00+09:00', '2026-05-07 10:00:00+09:00', '2026-05-07 10:30:00+09:00', 'off_work') ON CONFLICT DO NOTHING;
INSERT INTO work_logs (id, store_id, employee_id, work_date, start_time, end_time, break_start_time, break_end_time, status) VALUES (5, 1, 6, '2026-05-07', '2026-05-07 17:00:00+09:00', '2026-05-07 22:00:00+09:00', '2026-05-07 19:00:00+09:00', '2026-05-07 19:30:00+09:00', 'off_work') ON CONFLICT DO NOTHING;
INSERT INTO work_logs (id, store_id, employee_id, work_date, start_time, end_time, break_start_time, break_end_time, status) VALUES (6, 1, 3, '2026-05-08', '2026-05-08 08:00:00+09:00', '2026-05-08 14:00:00+09:00', '2026-05-08 10:00:00+09:00', '2026-05-08 10:30:00+09:00', 'off_work') ON CONFLICT DO NOTHING;
INSERT INTO work_logs (id, store_id, employee_id, work_date, start_time, end_time, break_start_time, break_end_time, status) VALUES (7, 1, 4, '2026-05-08', '2026-05-08 08:00:00+09:00', '2026-05-08 14:00:00+09:00', '2026-05-08 10:00:00+09:00', '2026-05-08 10:30:00+09:00', 'off_work') ON CONFLICT DO NOTHING;
INSERT INTO work_logs (id, store_id, employee_id, work_date, start_time, end_time, break_start_time, break_end_time, status) VALUES (8, 1, 5, '2026-05-08', '2026-05-08 12:00:00+09:00', '2026-05-08 17:00:00+09:00', '2026-05-08 14:00:00+09:00', '2026-05-08 14:30:00+09:00', 'off_work') ON CONFLICT DO NOTHING;
INSERT INTO work_logs (id, store_id, employee_id, work_date, start_time, end_time, break_start_time, break_end_time, status) VALUES (9, 1, 6, '2026-05-08', '2026-05-08 12:00:00+09:00', '2026-05-08 17:00:00+09:00', '2026-05-08 14:00:00+09:00', '2026-05-08 14:30:00+09:00', 'off_work') ON CONFLICT DO NOTHING;
INSERT INTO work_logs (id, store_id, employee_id, work_date, start_time, end_time, break_start_time, break_end_time, status) VALUES (10, 1, 1, '2026-05-09', '2026-05-09 12:00:00+09:00', '2026-05-09 17:00:00+09:00', '2026-05-09 14:00:00+09:00', '2026-05-09 14:30:00+09:00', 'off_work') ON CONFLICT DO NOTHING;
INSERT INTO work_logs (id, store_id, employee_id, work_date, start_time, end_time, break_start_time, break_end_time, status) VALUES (11, 1, 3, '2026-05-09', '2026-05-09 17:00:00+09:00', '2026-05-09 22:00:00+09:00', '2026-05-09 19:00:00+09:00', '2026-05-09 19:30:00+09:00', 'off_work') ON CONFLICT DO NOTHING;
INSERT INTO work_logs (id, store_id, employee_id, work_date, start_time, end_time, break_start_time, break_end_time, status) VALUES (12, 1, 4, '2026-05-09', '2026-05-09 12:00:00+09:00', '2026-05-09 17:00:00+09:00', '2026-05-09 14:00:00+09:00', '2026-05-09 14:30:00+09:00', 'off_work') ON CONFLICT DO NOTHING;
INSERT INTO work_logs (id, store_id, employee_id, work_date, start_time, end_time, break_start_time, break_end_time, status) VALUES (13, 1, 6, '2026-05-09', '2026-05-09 08:00:00+09:00', '2026-05-09 14:00:00+09:00', '2026-05-09 10:00:00+09:00', '2026-05-09 10:30:00+09:00', 'off_work') ON CONFLICT DO NOTHING;
INSERT INTO work_logs (id, store_id, employee_id, work_date, start_time, end_time, break_start_time, break_end_time, status) VALUES (14, 1, 1, '2026-05-10', '2026-05-10 08:00:00+09:00', '2026-05-10 14:00:00+09:00', '2026-05-10 10:00:00+09:00', '2026-05-10 10:30:00+09:00', 'off_work') ON CONFLICT DO NOTHING;
INSERT INTO work_logs (id, store_id, employee_id, work_date, start_time, end_time, break_start_time, break_end_time, status) VALUES (15, 1, 3, '2026-05-10', '2026-05-10 12:00:00+09:00', '2026-05-10 17:00:00+09:00', '2026-05-10 14:00:00+09:00', '2026-05-10 14:30:00+09:00', 'off_work') ON CONFLICT DO NOTHING;
INSERT INTO work_logs (id, store_id, employee_id, work_date, start_time, end_time, break_start_time, break_end_time, status) VALUES (16, 1, 4, '2026-05-10', '2026-05-10 17:00:00+09:00', '2026-05-10 22:00:00+09:00', '2026-05-10 19:00:00+09:00', '2026-05-10 19:30:00+09:00', 'off_work') ON CONFLICT DO NOTHING;
INSERT INTO work_logs (id, store_id, employee_id, work_date, start_time, end_time, break_start_time, break_end_time, status) VALUES (17, 1, 5, '2026-05-10', '2026-05-10 08:00:00+09:00', '2026-05-10 14:05:00+09:00', '2026-05-10 10:00:00+09:00', '2026-05-10 10:30:00+09:00', 'off_work') ON CONFLICT DO NOTHING;
INSERT INTO work_logs (id, store_id, employee_id, work_date, start_time, end_time, break_start_time, break_end_time, status) VALUES (18, 1, 6, '2026-05-10', '2026-05-10 17:00:00+09:00', '2026-05-10 21:55:00+09:00', '2026-05-10 19:00:00+09:00', '2026-05-10 19:30:00+09:00', 'off_work') ON CONFLICT DO NOTHING;
INSERT INTO work_logs (id, store_id, employee_id, work_date, start_time, end_time, break_start_time, break_end_time, status) VALUES (19, 1, 4, '2026-05-11', '2026-05-11 08:00:00+09:00', '2026-05-11 14:00:00+09:00', '2026-05-11 10:00:00+09:00', '2026-05-11 10:30:00+09:00', 'off_work') ON CONFLICT DO NOTHING;
INSERT INTO work_logs (id, store_id, employee_id, work_date, start_time, end_time, break_start_time, break_end_time, status) VALUES (20, 1, 5, '2026-05-11', '2026-05-11 17:00:00+09:00', '2026-05-11 22:00:00+09:00', '2026-05-11 19:00:00+09:00', '2026-05-11 19:30:00+09:00', 'off_work') ON CONFLICT DO NOTHING;
INSERT INTO work_logs (id, store_id, employee_id, work_date, start_time, end_time, break_start_time, break_end_time, status) VALUES (21, 1, 6, '2026-05-11', '2026-05-11 12:00:00+09:00', '2026-05-11 17:00:00+09:00', '2026-05-11 14:00:00+09:00', '2026-05-11 14:30:00+09:00', 'off_work') ON CONFLICT DO NOTHING;
INSERT INTO work_logs (id, store_id, employee_id, work_date, start_time, end_time, break_start_time, break_end_time, status) VALUES (22, 2, 8, '2026-05-07', '2026-05-07 08:00:00+09:00', '2026-05-07 14:00:00+09:00', '2026-05-07 10:00:00+09:00', '2026-05-07 10:30:00+09:00', 'off_work') ON CONFLICT DO NOTHING;
INSERT INTO work_logs (id, store_id, employee_id, work_date, start_time, end_time, break_start_time, break_end_time, status) VALUES (23, 2, 9, '2026-05-07', '2026-05-07 17:00:00+09:00', '2026-05-07 22:00:00+09:00', '2026-05-07 19:00:00+09:00', '2026-05-07 19:30:00+09:00', 'off_work') ON CONFLICT DO NOTHING;
INSERT INTO work_logs (id, store_id, employee_id, work_date, start_time, end_time, break_start_time, break_end_time, status) VALUES (24, 2, 9, '2026-05-08', '2026-05-08 08:00:00+09:00', '2026-05-08 14:05:00+09:00', '2026-05-08 10:00:00+09:00', '2026-05-08 10:30:00+09:00', 'off_work') ON CONFLICT DO NOTHING;
INSERT INTO work_logs (id, store_id, employee_id, work_date, start_time, end_time, break_start_time, break_end_time, status) VALUES (25, 2, 8, '2026-05-09', '2026-05-09 12:00:00+09:00', '2026-05-09 17:00:00+09:00', '2026-05-09 14:00:00+09:00', '2026-05-09 14:30:00+09:00', 'off_work') ON CONFLICT DO NOTHING;
INSERT INTO work_logs (id, store_id, employee_id, work_date, start_time, end_time, break_start_time, break_end_time, status) VALUES (26, 2, 9, '2026-05-09', '2026-05-09 17:00:00+09:00', '2026-05-09 22:00:00+09:00', '2026-05-09 19:00:00+09:00', '2026-05-09 19:30:00+09:00', 'off_work') ON CONFLICT DO NOTHING;
INSERT INTO work_logs (id, store_id, employee_id, work_date, start_time, end_time, break_start_time, break_end_time, status) VALUES (27, 2, 8, '2026-05-10', '2026-05-10 08:00:00+09:00', '2026-05-10 14:00:00+09:00', '2026-05-10 10:00:00+09:00', '2026-05-10 10:30:00+09:00', 'off_work') ON CONFLICT DO NOTHING;
INSERT INTO work_logs (id, store_id, employee_id, work_date, start_time, end_time, break_start_time, break_end_time, status) VALUES (28, 2, 9, '2026-05-10', '2026-05-10 12:00:00+09:00', '2026-05-10 17:00:00+09:00', '2026-05-10 14:00:00+09:00', '2026-05-10 14:30:00+09:00', 'off_work') ON CONFLICT DO NOTHING;
INSERT INTO work_logs (id, store_id, employee_id, work_date, start_time, end_time, break_start_time, break_end_time, status) VALUES (29, 2, 9, '2026-05-11', '2026-05-11 08:00:00+09:00', '2026-05-11 14:00:00+09:00', '2026-05-11 10:00:00+09:00', '2026-05-11 10:30:00+09:00', 'off_work') ON CONFLICT DO NOTHING;
INSERT INTO work_logs (id, store_id, employee_id, work_date, start_time, end_time, break_start_time, break_end_time, status) VALUES (30, 3, 11, '2026-05-07', '2026-05-07 08:00:00+09:00', '2026-05-07 14:00:00+09:00', '2026-05-07 10:00:00+09:00', '2026-05-07 10:30:00+09:00', 'off_work') ON CONFLICT DO NOTHING;
INSERT INTO work_logs (id, store_id, employee_id, work_date, start_time, end_time, break_start_time, break_end_time, status) VALUES (31, 3, 12, '2026-05-07', '2026-05-07 12:00:00+09:00', '2026-05-07 17:00:00+09:00', '2026-05-07 14:00:00+09:00', '2026-05-07 14:30:00+09:00', 'off_work') ON CONFLICT DO NOTHING;
INSERT INTO work_logs (id, store_id, employee_id, work_date, start_time, end_time, break_start_time, break_end_time, status) VALUES (32, 3, 13, '2026-05-07', '2026-05-07 17:00:00+09:00', '2026-05-07 22:00:00+09:00', '2026-05-07 19:00:00+09:00', '2026-05-07 19:30:00+09:00', 'off_work') ON CONFLICT DO NOTHING;
INSERT INTO work_logs (id, store_id, employee_id, work_date, start_time, end_time, break_start_time, break_end_time, status) VALUES (33, 3, 11, '2026-05-08', '2026-05-08 12:00:00+09:00', '2026-05-08 17:00:00+09:00', '2026-05-08 14:00:00+09:00', '2026-05-08 14:30:00+09:00', 'off_work') ON CONFLICT DO NOTHING;
INSERT INTO work_logs (id, store_id, employee_id, work_date, start_time, end_time, break_start_time, break_end_time, status) VALUES (34, 3, 12, '2026-05-08', '2026-05-08 17:00:00+09:00', '2026-05-08 22:00:00+09:00', '2026-05-08 19:00:00+09:00', '2026-05-08 19:30:00+09:00', 'off_work') ON CONFLICT DO NOTHING;
INSERT INTO work_logs (id, store_id, employee_id, work_date, start_time, end_time, break_start_time, break_end_time, status) VALUES (35, 3, 11, '2026-05-09', '2026-05-09 08:00:00+09:00', '2026-05-09 14:00:00+09:00', '2026-05-09 10:00:00+09:00', '2026-05-09 10:30:00+09:00', 'off_work') ON CONFLICT DO NOTHING;
INSERT INTO work_logs (id, store_id, employee_id, work_date, start_time, end_time, break_start_time, break_end_time, status) VALUES (36, 3, 13, '2026-05-09', '2026-05-09 12:00:00+09:00', '2026-05-09 17:00:00+09:00', '2026-05-09 14:00:00+09:00', '2026-05-09 14:30:00+09:00', 'off_work') ON CONFLICT DO NOTHING;
INSERT INTO work_logs (id, store_id, employee_id, work_date, start_time, end_time, break_start_time, break_end_time, status) VALUES (37, 3, 11, '2026-05-10', '2026-05-10 17:00:00+09:00', '2026-05-10 22:00:00+09:00', '2026-05-10 19:00:00+09:00', '2026-05-10 19:30:00+09:00', 'off_work') ON CONFLICT DO NOTHING;
INSERT INTO work_logs (id, store_id, employee_id, work_date, start_time, end_time, break_start_time, break_end_time, status) VALUES (38, 3, 12, '2026-05-10', '2026-05-10 08:00:00+09:00', '2026-05-10 14:00:00+09:00', '2026-05-10 10:00:00+09:00', '2026-05-10 10:30:00+09:00', 'off_work') ON CONFLICT DO NOTHING;
INSERT INTO work_logs (id, store_id, employee_id, work_date, start_time, end_time, break_start_time, break_end_time, status) VALUES (39, 3, 13, '2026-05-10', '2026-05-10 08:05:00+09:00', '2026-05-10 14:00:00+09:00', '2026-05-10 10:00:00+09:00', '2026-05-10 10:30:00+09:00', 'off_work') ON CONFLICT DO NOTHING;
INSERT INTO work_logs (id, store_id, employee_id, work_date, start_time, end_time, break_start_time, break_end_time, status) VALUES (40, 3, 12, '2026-05-11', '2026-05-11 17:00:00+09:00', '2026-05-11 22:00:00+09:00', '2026-05-11 19:00:00+09:00', '2026-05-11 19:30:00+09:00', 'off_work') ON CONFLICT DO NOTHING;
INSERT INTO work_logs (id, store_id, employee_id, work_date, start_time, end_time, break_start_time, break_end_time, status) VALUES (41, 3, 13, '2026-05-11', '2026-05-11 12:00:00+09:00', '2026-05-11 17:00:00+09:00', '2026-05-11 14:00:00+09:00', '2026-05-11 14:30:00+09:00', 'off_work') ON CONFLICT DO NOTHING;

-- daily_closing_reports
INSERT INTO daily_closing_reports (id, store_id, employee_id, report_date, card_sales, cash_sales, transfer_sales, gift_sales, discount_amount, refund_amount, cash_on_hand, receipt_image_url, manager_note, created_at, updated_at) VALUES (1, 1, 1, '2026-05-12', 1, 1, 1, 1, 1, 1, 1, NULL, 'ㅋㅋ', '2026-05-12 15:05:37.239895+09:00', NULL) ON CONFLICT DO NOTHING;

-- payslips
INSERT INTO payslips (id, store_id, employee_id, year, month, pay_period_start, pay_period_end, pay_date, work_days, actual_work_minutes, overtime_minutes, night_minutes, holiday_minutes, weekly_leave_minutes, base_pay, overtime_pay, night_pay, holiday_pay, weekly_leave_pay, other_allowance, income_tax, local_income_tax, national_pension, health_insurance, long_term_care, employment_insurance, total_pay, total_deduction, net_pay, is_published, published_at, is_transferred, transferred_at, created_at) VALUES (1, 1, 1, 2026, 2, '2026-02-01', '2026-02-28', '2026-02-25', 18, 5400, 0, NULL, NULL, NULL, 1504500, 0, 0, 0, 120000, 0, 26820, 2680, 73800, 55720, 7200, 14040, 1624500, 180260, 1444240, TRUE, '2026-05-12 12:08:44.648266', TRUE, '2026-05-12 12:08:44.648266', '2026-05-12 12:08:44.612340') ON CONFLICT DO NOTHING;
INSERT INTO payslips (id, store_id, employee_id, year, month, pay_period_start, pay_period_end, pay_date, work_days, actual_work_minutes, overtime_minutes, night_minutes, holiday_minutes, weekly_leave_minutes, base_pay, overtime_pay, night_pay, holiday_pay, weekly_leave_pay, other_allowance, income_tax, local_income_tax, national_pension, health_insurance, long_term_care, employment_insurance, total_pay, total_deduction, net_pay, is_published, published_at, is_transferred, transferred_at, created_at) VALUES (2, 1, 1, 2026, 3, '2026-03-01', '2026-03-31', '2026-03-25', 20, 6000, 60, NULL, NULL, NULL, 1705100, 25650, 0, 0, 140000, 0, 29500, 2950, 81450, 61540, 7950, 15510, 1870750, 198900, 1671850, TRUE, '2026-05-12 12:08:44.648266', TRUE, '2026-05-12 12:08:44.648266', '2026-05-12 12:08:44.612340') ON CONFLICT DO NOTHING;
INSERT INTO payslips (id, store_id, employee_id, year, month, pay_period_start, pay_period_end, pay_date, work_days, actual_work_minutes, overtime_minutes, night_minutes, holiday_minutes, weekly_leave_minutes, base_pay, overtime_pay, night_pay, holiday_pay, weekly_leave_pay, other_allowance, income_tax, local_income_tax, national_pension, health_insurance, long_term_care, employment_insurance, total_pay, total_deduction, net_pay, is_published, published_at, is_transferred, transferred_at, created_at) VALUES (3, 1, 1, 2026, 4, '2026-04-01', '2026-04-30', '2026-04-25', 21, 6300, 90, NULL, NULL, NULL, 1805400, 40650, 0, 0, 150000, 50000, 31270, 3127, 86400, 65270, 8430, 16416, 2046050, 210913, 1835137, TRUE, '2026-05-12 12:08:44.648266', FALSE, NULL, '2026-05-12 12:08:44.612340') ON CONFLICT DO NOTHING;
INSERT INTO payslips (id, store_id, employee_id, year, month, pay_period_start, pay_period_end, pay_date, work_days, actual_work_minutes, overtime_minutes, night_minutes, holiday_minutes, weekly_leave_minutes, base_pay, overtime_pay, night_pay, holiday_pay, weekly_leave_pay, other_allowance, income_tax, local_income_tax, national_pension, health_insurance, long_term_care, employment_insurance, total_pay, total_deduction, net_pay, is_published, published_at, is_transferred, transferred_at, created_at) VALUES (4, 1, 1, 2026, 5, '2026-05-01', '2026-05-31', '2026-05-25', 0, 0, 0, NULL, NULL, NULL, 0, 0, 0, 0, 0, 0, 0, 0, 0, 0, 0, 0, 0, 0, 0, FALSE, NULL, FALSE, NULL, '2026-05-12 12:08:44.612340') ON CONFLICT DO NOTHING;
INSERT INTO payslips (id, store_id, employee_id, year, month, pay_period_start, pay_period_end, pay_date, work_days, actual_work_minutes, overtime_minutes, night_minutes, holiday_minutes, weekly_leave_minutes, base_pay, overtime_pay, night_pay, holiday_pay, weekly_leave_pay, other_allowance, income_tax, local_income_tax, national_pension, health_insurance, long_term_care, employment_insurance, total_pay, total_deduction, net_pay, is_published, published_at, is_transferred, transferred_at, created_at) VALUES (5, 1, 3, 2026, 2, '2026-02-01', '2026-02-28', '2026-02-15', 20, 9600, 0, NULL, NULL, NULL, 1500000, 45000, 0, 0, 0, 0, 17850, 1785, 69750, 52680, 6806, 13500, 1545000, 162371, 1382629, TRUE, '2026-05-12 12:08:44.648266', TRUE, '2026-05-12 12:08:44.648266', '2026-05-12 12:08:44.612340') ON CONFLICT DO NOTHING;
INSERT INTO payslips (id, store_id, employee_id, year, month, pay_period_start, pay_period_end, pay_date, work_days, actual_work_minutes, overtime_minutes, night_minutes, holiday_minutes, weekly_leave_minutes, base_pay, overtime_pay, night_pay, holiday_pay, weekly_leave_pay, other_allowance, income_tax, local_income_tax, national_pension, health_insurance, long_term_care, employment_insurance, total_pay, total_deduction, net_pay, is_published, published_at, is_transferred, transferred_at, created_at) VALUES (6, 1, 3, 2026, 3, '2026-03-01', '2026-03-31', '2026-03-15', 22, 10560, 120, NULL, NULL, NULL, 1500000, 75000, 0, 0, 0, 0, 17850, 1785, 69750, 52680, 6806, 13500, 1575000, 162371, 1412629, TRUE, '2026-05-12 12:08:44.648266', TRUE, '2026-05-12 12:08:44.648266', '2026-05-12 12:08:44.612340') ON CONFLICT DO NOTHING;
INSERT INTO payslips (id, store_id, employee_id, year, month, pay_period_start, pay_period_end, pay_date, work_days, actual_work_minutes, overtime_minutes, night_minutes, holiday_minutes, weekly_leave_minutes, base_pay, overtime_pay, night_pay, holiday_pay, weekly_leave_pay, other_allowance, income_tax, local_income_tax, national_pension, health_insurance, long_term_care, employment_insurance, total_pay, total_deduction, net_pay, is_published, published_at, is_transferred, transferred_at, created_at) VALUES (7, 1, 3, 2026, 4, '2026-04-01', '2026-04-30', '2026-04-15', 21, 10080, 60, NULL, NULL, NULL, 1500000, 45000, 0, 0, 0, 50000, 17850, 1785, 69750, 52680, 6806, 13500, 1595000, 162371, 1432629, TRUE, '2026-05-12 12:08:44.648266', TRUE, '2026-05-12 12:08:44.648266', '2026-05-12 12:08:44.612340') ON CONFLICT DO NOTHING;
INSERT INTO payslips (id, store_id, employee_id, year, month, pay_period_start, pay_period_end, pay_date, work_days, actual_work_minutes, overtime_minutes, night_minutes, holiday_minutes, weekly_leave_minutes, base_pay, overtime_pay, night_pay, holiday_pay, weekly_leave_pay, other_allowance, income_tax, local_income_tax, national_pension, health_insurance, long_term_care, employment_insurance, total_pay, total_deduction, net_pay, is_published, published_at, is_transferred, transferred_at, created_at) VALUES (8, 1, 3, 2026, 5, '2026-05-01', '2026-05-31', '2026-05-15', 0, 0, 0, NULL, NULL, NULL, 0, 0, 0, 0, 0, 0, 0, 0, 0, 0, 0, 0, 0, 0, 0, FALSE, NULL, FALSE, NULL, '2026-05-12 12:08:44.612340') ON CONFLICT DO NOTHING;
INSERT INTO payslips (id, store_id, employee_id, year, month, pay_period_start, pay_period_end, pay_date, work_days, actual_work_minutes, overtime_minutes, night_minutes, holiday_minutes, weekly_leave_minutes, base_pay, overtime_pay, night_pay, holiday_pay, weekly_leave_pay, other_allowance, income_tax, local_income_tax, national_pension, health_insurance, long_term_care, employment_insurance, total_pay, total_deduction, net_pay, is_published, published_at, is_transferred, transferred_at, created_at) VALUES (9, 1, 4, 2026, 2, '2026-02-01', '2026-02-28', '2026-02-25', 8, 2400, 0, NULL, NULL, NULL, 440000, 0, 16500, 11000, 0, 0, 3680, 368, 0, 0, 0, 8316, 467500, 12364, 455136, TRUE, '2026-05-12 12:08:44.648266', FALSE, NULL, '2026-05-12 12:08:44.612340') ON CONFLICT DO NOTHING;
INSERT INTO payslips (id, store_id, employee_id, year, month, pay_period_start, pay_period_end, pay_date, work_days, actual_work_minutes, overtime_minutes, night_minutes, holiday_minutes, weekly_leave_minutes, base_pay, overtime_pay, night_pay, holiday_pay, weekly_leave_pay, other_allowance, income_tax, local_income_tax, national_pension, health_insurance, long_term_care, employment_insurance, total_pay, total_deduction, net_pay, is_published, published_at, is_transferred, transferred_at, created_at) VALUES (10, 1, 4, 2026, 3, '2026-03-01', '2026-03-31', '2026-03-25', 9, 2700, 0, NULL, NULL, NULL, 495000, 0, 16500, 0, 0, 0, 4140, 414, 0, 0, 0, 9405, 511500, 13959, 497541, TRUE, '2026-05-12 12:08:44.648266', TRUE, '2026-05-12 12:08:44.648266', '2026-05-12 12:08:44.612340') ON CONFLICT DO NOTHING;
INSERT INTO payslips (id, store_id, employee_id, year, month, pay_period_start, pay_period_end, pay_date, work_days, actual_work_minutes, overtime_minutes, night_minutes, holiday_minutes, weekly_leave_minutes, base_pay, overtime_pay, night_pay, holiday_pay, weekly_leave_pay, other_allowance, income_tax, local_income_tax, national_pension, health_insurance, long_term_care, employment_insurance, total_pay, total_deduction, net_pay, is_published, published_at, is_transferred, transferred_at, created_at) VALUES (11, 1, 4, 2026, 4, '2026-04-01', '2026-04-30', '2026-04-25', 8, 2400, 0, NULL, NULL, NULL, 440000, 0, 11000, 0, 0, 0, 3680, 368, 0, 0, 0, 8379, 451000, 12427, 438573, TRUE, '2026-05-12 12:08:44.648266', TRUE, '2026-05-12 12:08:44.648266', '2026-05-12 12:08:44.612340') ON CONFLICT DO NOTHING;
INSERT INTO payslips (id, store_id, employee_id, year, month, pay_period_start, pay_period_end, pay_date, work_days, actual_work_minutes, overtime_minutes, night_minutes, holiday_minutes, weekly_leave_minutes, base_pay, overtime_pay, night_pay, holiday_pay, weekly_leave_pay, other_allowance, income_tax, local_income_tax, national_pension, health_insurance, long_term_care, employment_insurance, total_pay, total_deduction, net_pay, is_published, published_at, is_transferred, transferred_at, created_at) VALUES (12, 1, 4, 2026, 5, '2026-05-01', '2026-05-31', '2026-05-25', 0, 0, 0, NULL, NULL, NULL, 0, 0, 0, 0, 0, 0, 0, 0, 0, 0, 0, 0, 0, 0, 0, FALSE, NULL, FALSE, NULL, '2026-05-12 12:08:44.612340') ON CONFLICT DO NOTHING;
INSERT INTO payslips (id, store_id, employee_id, year, month, pay_period_start, pay_period_end, pay_date, work_days, actual_work_minutes, overtime_minutes, night_minutes, holiday_minutes, weekly_leave_minutes, base_pay, overtime_pay, night_pay, holiday_pay, weekly_leave_pay, other_allowance, income_tax, local_income_tax, national_pension, health_insurance, long_term_care, employment_insurance, total_pay, total_deduction, net_pay, is_published, published_at, is_transferred, transferred_at, created_at) VALUES (13, 1, 5, 2026, 2, '2026-02-01', '2026-02-28', '2026-02-15', 7, 2100, 0, NULL, NULL, NULL, 345100, 0, 0, 0, 0, 0, 1560, 156, 0, 0, 0, 6557, 345100, 8273, 336827, TRUE, '2026-05-12 12:08:44.648266', TRUE, '2026-05-12 12:08:44.648266', '2026-05-12 12:08:44.612340') ON CONFLICT DO NOTHING;
INSERT INTO payslips (id, store_id, employee_id, year, month, pay_period_start, pay_period_end, pay_date, work_days, actual_work_minutes, overtime_minutes, night_minutes, holiday_minutes, weekly_leave_minutes, base_pay, overtime_pay, night_pay, holiday_pay, weekly_leave_pay, other_allowance, income_tax, local_income_tax, national_pension, health_insurance, long_term_care, employment_insurance, total_pay, total_deduction, net_pay, is_published, published_at, is_transferred, transferred_at, created_at) VALUES (14, 1, 5, 2026, 3, '2026-03-01', '2026-03-31', '2026-03-15', 8, 2400, 0, NULL, NULL, NULL, 394400, 0, 0, 0, 0, 0, 1780, 178, 0, 0, 0, 7494, 394400, 9452, 384948, TRUE, '2026-05-12 12:08:44.648266', TRUE, '2026-05-12 12:08:44.648266', '2026-05-12 12:08:44.612340') ON CONFLICT DO NOTHING;
INSERT INTO payslips (id, store_id, employee_id, year, month, pay_period_start, pay_period_end, pay_date, work_days, actual_work_minutes, overtime_minutes, night_minutes, holiday_minutes, weekly_leave_minutes, base_pay, overtime_pay, night_pay, holiday_pay, weekly_leave_pay, other_allowance, income_tax, local_income_tax, national_pension, health_insurance, long_term_care, employment_insurance, total_pay, total_deduction, net_pay, is_published, published_at, is_transferred, transferred_at, created_at) VALUES (15, 1, 5, 2026, 4, '2026-04-01', '2026-04-30', '2026-04-15', 7, 2100, 0, NULL, NULL, NULL, 345100, 0, 0, 0, 0, 0, 1560, 156, 0, 0, 0, 6557, 345100, 8273, 336827, TRUE, '2026-05-12 12:08:44.648266', TRUE, '2026-05-12 12:08:44.648266', '2026-05-12 12:08:44.612340') ON CONFLICT DO NOTHING;
INSERT INTO payslips (id, store_id, employee_id, year, month, pay_period_start, pay_period_end, pay_date, work_days, actual_work_minutes, overtime_minutes, night_minutes, holiday_minutes, weekly_leave_minutes, base_pay, overtime_pay, night_pay, holiday_pay, weekly_leave_pay, other_allowance, income_tax, local_income_tax, national_pension, health_insurance, long_term_care, employment_insurance, total_pay, total_deduction, net_pay, is_published, published_at, is_transferred, transferred_at, created_at) VALUES (16, 1, 5, 2026, 5, '2026-05-01', '2026-05-31', '2026-05-15', 0, 0, 0, NULL, NULL, NULL, 0, 0, 0, 0, 0, 0, 0, 0, 0, 0, 0, 0, 0, 0, 0, FALSE, NULL, FALSE, NULL, '2026-05-12 12:08:44.612340') ON CONFLICT DO NOTHING;
INSERT INTO payslips (id, store_id, employee_id, year, month, pay_period_start, pay_period_end, pay_date, work_days, actual_work_minutes, overtime_minutes, night_minutes, holiday_minutes, weekly_leave_minutes, base_pay, overtime_pay, night_pay, holiday_pay, weekly_leave_pay, other_allowance, income_tax, local_income_tax, national_pension, health_insurance, long_term_care, employment_insurance, total_pay, total_deduction, net_pay, is_published, published_at, is_transferred, transferred_at, created_at) VALUES (17, 1, 6, 2026, 3, '2026-03-01', '2026-03-31', '2026-03-10', 20, 9600, 0, NULL, NULL, NULL, 680000, 0, 0, 0, 0, 0, 6120, 612, 30600, 23110, 2986, 6120, 680000, 69548, 610452, TRUE, '2026-05-12 12:08:44.648266', TRUE, '2026-05-12 12:08:44.648266', '2026-05-12 12:08:44.612340') ON CONFLICT DO NOTHING;
INSERT INTO payslips (id, store_id, employee_id, year, month, pay_period_start, pay_period_end, pay_date, work_days, actual_work_minutes, overtime_minutes, night_minutes, holiday_minutes, weekly_leave_minutes, base_pay, overtime_pay, night_pay, holiday_pay, weekly_leave_pay, other_allowance, income_tax, local_income_tax, national_pension, health_insurance, long_term_care, employment_insurance, total_pay, total_deduction, net_pay, is_published, published_at, is_transferred, transferred_at, created_at) VALUES (18, 1, 6, 2026, 4, '2026-04-01', '2026-04-30', '2026-04-10', 21, 10080, 60, NULL, NULL, NULL, 720000, 27000, 0, 0, 0, 0, 6480, 648, 32400, 24480, 3162, 6804, 747000, 73974, 673026, TRUE, '2026-05-12 12:08:44.648266', TRUE, '2026-05-12 12:08:44.648266', '2026-05-12 12:08:44.612340') ON CONFLICT DO NOTHING;
INSERT INTO payslips (id, store_id, employee_id, year, month, pay_period_start, pay_period_end, pay_date, work_days, actual_work_minutes, overtime_minutes, night_minutes, holiday_minutes, weekly_leave_minutes, base_pay, overtime_pay, night_pay, holiday_pay, weekly_leave_pay, other_allowance, income_tax, local_income_tax, national_pension, health_insurance, long_term_care, employment_insurance, total_pay, total_deduction, net_pay, is_published, published_at, is_transferred, transferred_at, created_at) VALUES (19, 1, 6, 2026, 5, '2026-05-01', '2026-05-31', '2026-05-10', 0, 0, 0, NULL, NULL, NULL, 0, 0, 0, 0, 0, 0, 0, 0, 0, 0, 0, 0, 0, 0, 0, FALSE, NULL, FALSE, NULL, '2026-05-12 12:08:44.612340') ON CONFLICT DO NOTHING;

-- store_community
INSERT INTO store_community (id, store_id, employee_id, category, title, content, image, view_count, created_at, is_deleted) VALUES (1, 1, 3, '비품관리', '데이터좀?확인해봄ㅋ', 'dd', NULL, 0, '2026-05-11 22:13:49.699372', FALSE) ON CONFLICT DO NOTHING;
INSERT INTO store_community (id, store_id, employee_id, category, title, content, image, view_count, created_at, is_deleted) VALUES (3, 1, 1, '일반 게시글', '테스트 제목', '테스트 내용', NULL, 0, '2026-05-12 15:39:42.933523', FALSE) ON CONFLICT DO NOTHING;
INSERT INTO store_community (id, store_id, employee_id, category, title, content, image, view_count, created_at, is_deleted) VALUES (4, 1, 1, '일반 게시글', '테스트 제목', '테스트 내용', NULL, 0, '2026-05-12 15:39:42.940537', FALSE) ON CONFLICT DO NOTHING;
INSERT INTO store_community (id, store_id, employee_id, category, title, content, image, view_count, created_at, is_deleted) VALUES (6, 1, 1, '일반 게시글', '노량물산 전용글', '테스트 내용', NULL, 0, '2026-05-12 15:39:42.953089', FALSE) ON CONFLICT DO NOTHING;
INSERT INTO store_community (id, store_id, employee_id, category, title, content, image, view_count, created_at, is_deleted) VALUES (7, 1, 1, '일반 게시글', '테스트 제목', '테스트 내용', NULL, 0, '2026-05-12 15:39:42.959519', FALSE) ON CONFLICT DO NOTHING;
INSERT INTO store_community (id, store_id, employee_id, category, title, content, image, view_count, created_at, is_deleted) VALUES (8, 1, 1, '일반 게시글', '테스트 제목', '테스트 내용', NULL, 0, '2026-05-12 15:39:42.966344', FALSE) ON CONFLICT DO NOTHING;
INSERT INTO store_community (id, store_id, employee_id, category, title, content, image, view_count, created_at, is_deleted) VALUES (9, 1, 1, '일반 게시글', '테스트 제목', '테스트 내용', NULL, 0, '2026-05-12 15:40:13.525611', TRUE) ON CONFLICT DO NOTHING;
INSERT INTO store_community (id, store_id, employee_id, category, title, content, image, view_count, created_at, is_deleted) VALUES (10, 1, 1, '일반 게시글', '테스트 제목', '테스트 내용', NULL, 0, '2026-05-12 15:40:13.544834', TRUE) ON CONFLICT DO NOTHING;
INSERT INTO store_community (id, store_id, employee_id, category, title, content, image, view_count, created_at, is_deleted) VALUES (11, 1, 1, '건의사항', '수정된 제목', '수정된 내용', NULL, 0, '2026-05-12 15:40:13.556507', TRUE) ON CONFLICT DO NOTHING;
INSERT INTO store_community (id, store_id, employee_id, category, title, content, image, view_count, created_at, is_deleted) VALUES (12, 1, 1, '일반 게시글', '삭제용', '테스트 내용', NULL, 0, '2026-05-12 15:40:13.568364', TRUE) ON CONFLICT DO NOTHING;
INSERT INTO store_community (id, store_id, employee_id, category, title, content, image, view_count, created_at, is_deleted) VALUES (13, 1, 1, '일반 게시글', '노량물산 전용글', '테스트 내용', NULL, 0, '2026-05-12 15:40:13.579680', TRUE) ON CONFLICT DO NOTHING;
INSERT INTO store_community (id, store_id, employee_id, category, title, content, image, view_count, created_at, is_deleted) VALUES (14, 1, 1, '일반 게시글', '테스트 제목', '테스트 내용', NULL, 0, '2026-05-12 15:40:13.589628', TRUE) ON CONFLICT DO NOTHING;
INSERT INTO store_community (id, store_id, employee_id, category, title, content, image, view_count, created_at, is_deleted) VALUES (15, 1, 1, '일반 게시글', '테스트 제목', '테스트 내용', NULL, 0, '2026-05-12 15:40:13.603234', TRUE) ON CONFLICT DO NOTHING;
INSERT INTO store_community (id, store_id, employee_id, category, title, content, image, view_count, created_at, is_deleted) VALUES (16, 1, 1, '일반 게시글', '테스트 제목', '테스트 내용', NULL, 0, '2026-05-12 15:40:40.560435', TRUE) ON CONFLICT DO NOTHING;
INSERT INTO store_community (id, store_id, employee_id, category, title, content, image, view_count, created_at, is_deleted) VALUES (17, 1, 1, '일반 게시글', '테스트 제목', '테스트 내용', NULL, 0, '2026-05-12 15:40:40.576260', TRUE) ON CONFLICT DO NOTHING;
INSERT INTO store_community (id, store_id, employee_id, category, title, content, image, view_count, created_at, is_deleted) VALUES (18, 1, 1, '건의사항', '수정된 제목', '수정된 내용', NULL, 0, '2026-05-12 15:40:40.587650', TRUE) ON CONFLICT DO NOTHING;
INSERT INTO store_community (id, store_id, employee_id, category, title, content, image, view_count, created_at, is_deleted) VALUES (19, 1, 1, '일반 게시글', '삭제용', '테스트 내용', NULL, 0, '2026-05-12 15:40:40.599664', TRUE) ON CONFLICT DO NOTHING;
INSERT INTO store_community (id, store_id, employee_id, category, title, content, image, view_count, created_at, is_deleted) VALUES (20, 1, 1, '일반 게시글', '노량물산 전용글', '테스트 내용', NULL, 0, '2026-05-12 15:40:40.608018', TRUE) ON CONFLICT DO NOTHING;
INSERT INTO store_community (id, store_id, employee_id, category, title, content, image, view_count, created_at, is_deleted) VALUES (21, 1, 1, '일반 게시글', '테스트 제목', '테스트 내용', NULL, 0, '2026-05-12 15:40:40.616695', TRUE) ON CONFLICT DO NOTHING;
INSERT INTO store_community (id, store_id, employee_id, category, title, content, image, view_count, created_at, is_deleted) VALUES (22, 1, 1, '일반 게시글', '테스트 제목', '테스트 내용', NULL, 0, '2026-05-12 15:40:40.632589', TRUE) ON CONFLICT DO NOTHING;
INSERT INTO store_community (id, store_id, employee_id, category, title, content, image, view_count, created_at, is_deleted) VALUES (5, 1, 1, '일반 게시글', '삭제용', '테스트 내용', NULL, 0, '2026-05-12 15:39:42.947412', TRUE) ON CONFLICT DO NOTHING;
INSERT INTO store_community (id, store_id, employee_id, category, title, content, image, view_count, created_at, is_deleted) VALUES (2, 1, 1, '일반 게시글', '테스트 제목', '테스트 내용sx', '["/uploads/board/cddae265-f912-44fc-983d-6f97411a9405.jpg"]', 0, '2026-05-12 15:39:42.804741', FALSE) ON CONFLICT DO NOTHING;
-- 공지사항 게시글 (직원 홈 화면 노출용, 사장(store_member_id=2)이 작성)
INSERT INTO store_community (id, store_id, employee_id, category, title, content, image, view_count, created_at, is_deleted) VALUES (23, 1, 2, '공지사항', '5월 근무 일정 안내', '이번 달 근무 일정을 확인해 주세요. 변경이 필요하신 분은 사전에 말씀 부탁드립니다.', NULL, 0, '2026-05-12 09:00:00', FALSE) ON CONFLICT DO NOTHING;
INSERT INTO store_community (id, store_id, employee_id, category, title, content, image, view_count, created_at, is_deleted) VALUES (24, 1, 2, '공지사항', '매장 위생 점검 안내', '다음 주 수요일 위생 점검이 예정되어 있습니다. 청결 상태를 미리 점검해 주세요.', NULL, 0, '2026-05-13 10:30:00', FALSE) ON CONFLICT DO NOTHING;
INSERT INTO store_community (id, store_id, employee_id, category, title, content, image, view_count, created_at, is_deleted) VALUES (25, 3, 10, '공지사항', '신규 직원 입사 안내', '이번 주부터 새로운 직원이 합류합니다. 잘 부탁드립니다.', NULL, 0, '2026-05-13 11:00:00', FALSE) ON CONFLICT DO NOTHING;

-- store_community_comments
INSERT INTO store_community_comments (id, post_id, employee_id, parent_id, content, created_at, is_deleted) VALUES (1, 14, 1, NULL, '댓글 내용', '2026-05-12 15:40:13.593776', FALSE) ON CONFLICT DO NOTHING;
INSERT INTO store_community_comments (id, post_id, employee_id, parent_id, content, created_at, is_deleted) VALUES (2, 15, 1, NULL, '삭제할 댓글', '2026-05-12 15:40:13.607128', FALSE) ON CONFLICT DO NOTHING;
INSERT INTO store_community_comments (id, post_id, employee_id, parent_id, content, created_at, is_deleted) VALUES (3, 21, 1, NULL, '댓글 내용', '2026-05-12 15:40:40.620452', FALSE) ON CONFLICT DO NOTHING;
INSERT INTO store_community_comments (id, post_id, employee_id, parent_id, content, created_at, is_deleted) VALUES (4, 22, 1, NULL, '삭제할 댓글', '2026-05-12 15:40:40.636561', TRUE) ON CONFLICT DO NOTHING;
