-- ============================================================
-- 1. 기존 사장 이름 변경: 테스트사장 -> 김다힌
-- ============================================================
UPDATE members SET name = '김다힌' WHERE id = 2;
UPDATE stores SET owner_name = '김다힌' WHERE id = 1;

-- ============================================================
-- 2. 새 회원 추가 (비밀번호 모두 00001234)
-- ============================================================
INSERT INTO members (password, phone, name, birth, gender, is_deleted) VALUES
('$2b$12$w4Zmob4StkbWBZJwQfQJuO6NjJKUZUOG.HUnNDS6txrUH2GnkzVym', '01077777777', '한지수', '1999-03-15', 'F', false),
('$2b$12$w4Zmob4StkbWBZJwQfQJuO6NjJKUZUOG.HUnNDS6txrUH2GnkzVym', '01088888888', '김태훈', '1985-07-22', 'M', false),
('$2b$12$w4Zmob4StkbWBZJwQfQJuO6NjJKUZUOG.HUnNDS6txrUH2GnkzVym', '01099999999', '김민형', '2001-11-08', 'M', false),
('$2b$12$w4Zmob4StkbWBZJwQfQJuO6NjJKUZUOG.HUnNDS6txrUH2GnkzVym', '01000000001', '김재욱', '2000-05-30', 'M', false);
-- member_id: 한지수=7, 김태훈=8, 김민형=9, 김재욱=10

-- ============================================================
-- 3. 새 가게 추가
-- ============================================================
-- 노량전자 (사장: 김다힌, member_id=2 -- 노량물산과 동일)
-- 강서물산 (사장: 김태훈, member_id=8)
INSERT INTO stores (code, raw_digits, name, address, address_detail, industry, owner_name, phone, business_image, radius) VALUES
(23456, '2345678901', '노량전자',   '서울특별시 동작구 노량진로 160', '2층', '전자제품', '김다힌', '027272200', 'default.png', 200),
(34567, '3456789012', '강서물산', '서울특별시 강서구 강서로 123',    '1층', '마트',     '김태훈', '027272300', 'default.png', 150);
-- store_id: 노량전자=2, 강서물산=3

-- ============================================================
-- 4. store_settings
-- ============================================================
INSERT INTO store_settings (store_id, is_fixed_holiday, has_overtime_pay, overtime_after_daily_8h, overtime_after_weekly_40h, overtime_threshold_minutes, overtime_multiplier, has_night_pay, night_threshold_minutes, night_multiplier, has_holiday_pay, holiday_threshold_minutes, holiday_multiplier_under_8h, holiday_multiplier_over_8h) VALUES
(2, false, true,  true,  true,  30, 1.50, false, 30, 1.50, false, 30, 1.50, 2.00),
(3, false, false, false, false, 30, 1.50, false, 30, 1.50, false, 30, 1.50, 2.00);

-- ============================================================
-- 5. store_shifts
-- ============================================================
-- 노량전자 (store_id=2): shift_id 4, 5, 6
INSERT INTO store_shifts (store_id, sort_order, name, is_active) VALUES
(2, 1, '오픈', true),
(2, 2, '미들', true),
(2, 3, '마감', true);
-- 강서물산 (store_id=3): shift_id 7, 8, 9
INSERT INTO store_shifts (store_id, sort_order, name, is_active) VALUES
(3, 1, '오픈', true),
(3, 2, '미들', true),
(3, 3, '마감', true);

-- ============================================================
-- 6. store_members
-- ============================================================
-- 노량전자 (store_id=2)
--   sm_id=7: 김다힌 (사장)
--   sm_id=8: 정수민 (member_id=1, 노량물산과 겸직)
--   sm_id=9: 한지수 (member_id=7)
INSERT INTO store_members (store_id, member_id, role, nickname) VALUES
(2, 2, 'owner',    '김다힌'),
(2, 1, 'employee', '정수민'),
(2, 7, 'employee', '한지수');

-- 강서물산 (store_id=3)
--   sm_id=10: 김태훈 (사장)
--   sm_id=11: 김민형 (member_id=9)
--   sm_id=12: 김재욱 (member_id=10)
--   sm_id=13: 김다힌 (member_id=2, 노량물산 사장인데 여기선 알바!)
INSERT INTO store_members (store_id, member_id, role, nickname) VALUES
(3, 8,  'owner',    '김태훈'),
(3, 9,  'employee', '김민형'),
(3, 10, 'employee', '김재욱'),
(3, 2,  'employee', '김다힌');

-- ============================================================
-- 7. staff_contracts
-- ============================================================
INSERT INTO staff_contracts (store_member_id, employee_type, working_status, hourly_rate, salary_cycle, salary_day, is_probation) VALUES
(8,  '알바생', '재직', 10030, '월 1회 (월급)', '25일', false),
(9,  '알바생', '재직', 10500, '월 1회 (월급)', '25일', false),
(11, '알바생', '재직', 10500, '월 1회 (월급)', '25일', false),
(12, '알바생', '재직',  9900, '월 1회 (월급)', '25일', false),
(13, '알바생', '재직', 15000, '월 1회 (월급)', '25일', false);

-- ============================================================
-- 8. schedules - 노량물산 (store_id=1)
-- ============================================================
-- shift_id: 1=오픈(08-14), 2=미들(12-17), 3=마감(17-22)
-- employee_id: 1=정수민, 3=김정민, 4=문자영, 5=이수진, 6=박지훈

INSERT INTO schedules (store_id, employee_id, shift_id, work_date, work_start, work_end) VALUES
-- 05-07
(1, 1, 1, '2026-05-07', '08:00', '14:00'),
(1, 3, 2, '2026-05-07', '12:00', '17:00'),
(1, 4, 3, '2026-05-07', '17:00', '22:00'),
(1, 5, 1, '2026-05-07', '08:00', '14:00'),
(1, 6, 3, '2026-05-07', '17:00', '22:00'),
-- 05-08
(1, 3, 1, '2026-05-08', '08:00', '14:00'),
(1, 4, 1, '2026-05-08', '08:00', '14:00'),
(1, 5, 2, '2026-05-08', '12:00', '17:00'),
(1, 6, 2, '2026-05-08', '12:00', '17:00'),
-- 05-09
(1, 1, 2, '2026-05-09', '12:00', '17:00'),
(1, 3, 3, '2026-05-09', '17:00', '22:00'),
(1, 4, 2, '2026-05-09', '12:00', '17:00'),
(1, 6, 1, '2026-05-09', '08:00', '14:00'),
-- 05-10
(1, 1, 1, '2026-05-10', '08:00', '14:00'),
(1, 3, 2, '2026-05-10', '12:00', '17:00'),
(1, 4, 3, '2026-05-10', '17:00', '22:00'),
(1, 5, 1, '2026-05-10', '08:00', '14:00'),
(1, 6, 3, '2026-05-10', '17:00', '22:00'),
-- 05-11
(1, 4, 1, '2026-05-11', '08:00', '14:00'),
(1, 5, 3, '2026-05-11', '17:00', '22:00'),
(1, 6, 2, '2026-05-11', '12:00', '17:00'),
-- 05-12 (오늘)
(1, 1, 3, '2026-05-12', '17:00', '22:00'),
(1, 3, 1, '2026-05-12', '08:00', '14:00'),
(1, 4, 2, '2026-05-12', '12:00', '17:00'),
(1, 6, 2, '2026-05-12', '12:00', '17:00'),
-- 05-13
(1, 3, 3, '2026-05-13', '17:00', '22:00'),
(1, 5, 1, '2026-05-13', '08:00', '14:00'),
(1, 6, 1, '2026-05-13', '08:00', '14:00'),
-- 05-14
(1, 1, 1, '2026-05-14', '08:00', '14:00'),
(1, 3, 2, '2026-05-14', '12:00', '17:00'),
(1, 4, 3, '2026-05-14', '17:00', '22:00'),
(1, 5, 2, '2026-05-14', '12:00', '17:00');

-- ============================================================
-- 9. schedules - 노량전자 (store_id=2)
-- ============================================================
-- shift_id: 4=오픈, 5=미들, 6=마감
-- employee_id: 8=정수민, 9=한지수

INSERT INTO schedules (store_id, employee_id, shift_id, work_date, work_start, work_end) VALUES
(2, 8, 4, '2026-05-07', '08:00', '14:00'),
(2, 9, 6, '2026-05-07', '17:00', '22:00'),
(2, 9, 4, '2026-05-08', '08:00', '14:00'),
(2, 8, 5, '2026-05-09', '12:00', '17:00'),
(2, 9, 6, '2026-05-09', '17:00', '22:00'),
(2, 8, 4, '2026-05-10', '08:00', '14:00'),
(2, 9, 5, '2026-05-10', '12:00', '17:00'),
(2, 9, 4, '2026-05-11', '08:00', '14:00'),
(2, 8, 6, '2026-05-12', '17:00', '22:00'),
(2, 9, 5, '2026-05-12', '12:00', '17:00'),
(2, 8, 4, '2026-05-13', '08:00', '14:00'),
(2, 9, 6, '2026-05-13', '17:00', '22:00');

-- ============================================================
-- 10. schedules - 강서물산 (store_id=3)
-- ============================================================
-- shift_id: 7=오픈, 8=미들, 9=마감
-- employee_id: 11=김민형, 12=김재욱, 13=김다힌

INSERT INTO schedules (store_id, employee_id, shift_id, work_date, work_start, work_end) VALUES
(3, 11, 7, '2026-05-07', '08:00', '14:00'),
(3, 12, 8, '2026-05-07', '12:00', '17:00'),
(3, 13, 9, '2026-05-07', '17:00', '22:00'),
(3, 11, 8, '2026-05-08', '12:00', '17:00'),
(3, 12, 9, '2026-05-08', '17:00', '22:00'),
(3, 11, 7, '2026-05-09', '08:00', '14:00'),
(3, 13, 8, '2026-05-09', '12:00', '17:00'),
(3, 11, 9, '2026-05-10', '17:00', '22:00'),
(3, 12, 7, '2026-05-10', '08:00', '14:00'),
(3, 13, 7, '2026-05-10', '08:00', '14:00'),
(3, 12, 9, '2026-05-11', '17:00', '22:00'),
(3, 13, 8, '2026-05-11', '12:00', '17:00'),
(3, 11, 7, '2026-05-12', '08:00', '14:00'),
(3, 12, 8, '2026-05-12', '12:00', '17:00'),
(3, 13, 9, '2026-05-12', '17:00', '22:00'),
(3, 11, 9, '2026-05-13', '17:00', '22:00'),
(3, 12, 7, '2026-05-13', '08:00', '14:00');

-- ============================================================
-- 11. work_logs - 노량전자 (store_id=2)
-- ============================================================
INSERT INTO work_logs (store_id, employee_id, work_date, start_time, end_time, break_start_time, break_end_time, status) VALUES
(2, 8, '2026-05-07', '2026-05-07 08:00:00+09', '2026-05-07 14:00:00+09', '2026-05-07 10:00:00+09', '2026-05-07 10:30:00+09', 'off_work'),
(2, 9, '2026-05-07', '2026-05-07 17:00:00+09', '2026-05-07 22:00:00+09', '2026-05-07 19:00:00+09', '2026-05-07 19:30:00+09', 'off_work'),
(2, 9, '2026-05-08', '2026-05-08 08:00:00+09', '2026-05-08 14:05:00+09', '2026-05-08 10:00:00+09', '2026-05-08 10:30:00+09', 'off_work'),
(2, 8, '2026-05-09', '2026-05-09 12:00:00+09', '2026-05-09 17:00:00+09', '2026-05-09 14:00:00+09', '2026-05-09 14:30:00+09', 'off_work'),
(2, 9, '2026-05-09', '2026-05-09 17:00:00+09', '2026-05-09 22:00:00+09', '2026-05-09 19:00:00+09', '2026-05-09 19:30:00+09', 'off_work'),
(2, 8, '2026-05-10', '2026-05-10 08:00:00+09', '2026-05-10 14:00:00+09', '2026-05-10 10:00:00+09', '2026-05-10 10:30:00+09', 'off_work'),
(2, 9, '2026-05-10', '2026-05-10 12:00:00+09', '2026-05-10 17:00:00+09', '2026-05-10 14:00:00+09', '2026-05-10 14:30:00+09', 'off_work'),
(2, 9, '2026-05-11', '2026-05-11 08:00:00+09', '2026-05-11 14:00:00+09', '2026-05-11 10:00:00+09', '2026-05-11 10:30:00+09', 'off_work');

-- ============================================================
-- 12. work_logs - 강서물산 (store_id=3)
-- ============================================================
INSERT INTO work_logs (store_id, employee_id, work_date, start_time, end_time, break_start_time, break_end_time, status) VALUES
(3, 11, '2026-05-07', '2026-05-07 08:00:00+09', '2026-05-07 14:00:00+09', '2026-05-07 10:00:00+09', '2026-05-07 10:30:00+09', 'off_work'),
(3, 12, '2026-05-07', '2026-05-07 12:00:00+09', '2026-05-07 17:00:00+09', '2026-05-07 14:00:00+09', '2026-05-07 14:30:00+09', 'off_work'),
(3, 13, '2026-05-07', '2026-05-07 17:00:00+09', '2026-05-07 22:00:00+09', '2026-05-07 19:00:00+09', '2026-05-07 19:30:00+09', 'off_work'),
(3, 11, '2026-05-08', '2026-05-08 12:00:00+09', '2026-05-08 17:00:00+09', '2026-05-08 14:00:00+09', '2026-05-08 14:30:00+09', 'off_work'),
(3, 12, '2026-05-08', '2026-05-08 17:00:00+09', '2026-05-08 22:00:00+09', '2026-05-08 19:00:00+09', '2026-05-08 19:30:00+09', 'off_work'),
(3, 11, '2026-05-09', '2026-05-09 08:00:00+09', '2026-05-09 14:00:00+09', '2026-05-09 10:00:00+09', '2026-05-09 10:30:00+09', 'off_work'),
(3, 13, '2026-05-09', '2026-05-09 12:00:00+09', '2026-05-09 17:00:00+09', '2026-05-09 14:00:00+09', '2026-05-09 14:30:00+09', 'off_work'),
(3, 11, '2026-05-10', '2026-05-10 17:00:00+09', '2026-05-10 22:00:00+09', '2026-05-10 19:00:00+09', '2026-05-10 19:30:00+09', 'off_work'),
(3, 12, '2026-05-10', '2026-05-10 08:00:00+09', '2026-05-10 14:00:00+09', '2026-05-10 10:00:00+09', '2026-05-10 10:30:00+09', 'off_work'),
(3, 13, '2026-05-10', '2026-05-10 08:05:00+09', '2026-05-10 14:00:00+09', '2026-05-10 10:00:00+09', '2026-05-10 10:30:00+09', 'off_work'),
(3, 12, '2026-05-11', '2026-05-11 17:00:00+09', '2026-05-11 22:00:00+09', '2026-05-11 19:00:00+09', '2026-05-11 19:30:00+09', 'off_work'),
(3, 13, '2026-05-11', '2026-05-11 12:00:00+09', '2026-05-11 17:00:00+09', '2026-05-11 14:00:00+09', '2026-05-11 14:30:00+09', 'off_work');
